{
    "title.riotClient": "Cliente de Riot",
    "title.riotClientInstaller": "Instalador del cliente de Riot",
    "title.riotClientProductInstaller": "Instalador de %1",
    "progress.installing": "INSTALANDO",
    "progress.uninstalling": "DESINSTALANDO",
    "progress.preparing": "PREPARANDO",
    "progress.repairing": "REPARANDO",
    "progress.updating": "ACTUALIZANDO",
    "progress.cleaning_up": "LIMPIEZA EN PROGRESO",
    "progress.copying_files": "Copiando archivos...",
    "progress.eta": "%02d:%02d",
    "progress.eta_long": "Más de 1 día",
    "progress.hours_abbr": "H",
    "progress.minutes_abbr": "MIN",
    "progress.seconds_abbr": "S",
    "install_intro.advanced_options": "OPCIONES AVANZADAS",
    "install_intro.browse_install_folder": "Selecciona la ubicación de instalación",
    "install_intro.install": "Instalar",
    "install_intro.install_path": "RUTA DE INSTALACIÓN",
    "error.clickForLog": "Haz clic para ver el registro.",
    "error.exit": "Salir",
    "error.ok": "Aceptar",
    "error.restart": "Reintentar",
    "finished.finish": "Listo",
    "finished.uninstall.title": "DESINSTALACIÓN COMPLETADA",
    "finished.uninstall.text": "El juego se ha desinstalado correctamente.",
    "selfUpdateError.contactSupportLinkText": "ponte en contacto con los magos de asistencia al jugador",
    "selfUpdateError.contactSupportLinkPublicUrl": "https://support.riotgames.com/hc/es/requests/new",
    "selfUpdateError.driveFull.header": "PARECE QUE EL DISCO DURO ESTÁ LLENO",
    "selfUpdateError.driveFull.body": "No hay suficiente espacio en disco para completar esta acción.",
    "selfUpdateError.repair.header": "NECESITA REPARACIÓN",
    "selfUpdateError.repair.body": "Algunos archivos de la instalación faltan o están corruptos, así que tendremos que arreglarlos. En ocasiones, reiniciar puede solucionar el problema. Si sigues teniendo el problema tras reiniciar, contacta con <link> para que te ayudemos a solucionarlo.",
    "selfUpdateError.noInternet.header": "SIN CONEXIÓN A INTERNET",
    "selfUpdateError.noInternet.body": "No ha sido posible establecer conexión a internet para descargar la actualización necesaria para jugar. Comprueba tus ajustes de internet e inténtalo de nuevo.",
    "selfUpdateError.couldNotUpdate.header": "ACTUALIZACIÓN FALLIDA",
    "selfUpdateError.couldNotUpdate.body": "Ha habido un problema con la actualización a pesar de las reparaciones. En <link> podemos echarte una mano y encontrar una solución.",
    "selfUpdateError.declinedUAC.header": "NO SE HA PODIDO INSTALAR",
    "selfUpdateError.declinedUAC.body": "Para permitir que esta aplicación realice cambios en tu dispositivo, haz clic en ''Sí'' cuando se solicite. Si sigues teniendo problemas, comprueba los ajustes del sistema o <link>.",
    "selfUpdateError.updateServerDown.header": "NO FUNCIONA EL SERVIDOR DE ACTUALIZACIÓN",
    "selfUpdateError.updateServerDown.body": "Mmmm, parece que nuestros servidores no funcionan ahora mismo y no ha sido posible descargar la actualización necesaria para jugar. Sentimos las molestias. Estamos tratando de resolver este problema lo antes posible. Inténtalo de nuevo más tarde.",
    "selfUpdateError.unableToAccess.header": "EL PROCESO YA SE ESTÁ EJECUTANDO",
    "selfUpdateError.unableToAccess.body": "No se ha podido completar correctamente la instalación porque hay un proceso del cliente de Riot en ejecución. Cierra todos los procesos del cliente de Riot y vuelve a intentarlo.",
    "selfUpdateError.genericFailure.header": "NO SE HA PODIDO INSTALAR",
    "selfUpdateError.genericFailure.body": "Algo ha salido mal durante la instalación. Inténtalo de nuevo y, si el error persiste, reinicia el ordenador o <link>.",
    "selfUpdateError.spaceAvailable": "ESPACIO DISPONIBLE: %1",
    "shortcut.name": "Cliente de Riot",
    "waitForGamesToExit.title": "HAY JUEGOS EN EJECUCIÓN",
    "waitForGamesToExit.body": "No puedes salir del cliente de Riot mientras se esté ejecutando un juego. Cierra los juegos e inténtalo de nuevo.",
    "waitForGameToExit.title": "%1 SE ESTÁ EJECUTANDO",
    "waitForGameToExit.body": "No puedes salir del cliente de Riot mientras se esté ejecutando un juego. Cierra %1 y vuelve a intentarlo.",
    "waitForGamesToExit.okay": "Aceptar",
    "waitForGamesToExit.exitOnGameClose": "¿Salir cuando se cierren todos los juegos?",
    "lifecycle.invalidLaunchTitle": "Inicio no válido",
    "lifecycle.invalidLaunch": "No podemos iniciar el juego de este modo. Ábrelo directamente.",
    "lifecycle.directLaunchDisabledTitle": "No se puede abrir el juego directamente",
    "lifecycle.directLaunchDisabled": "No podemos iniciar el juego directamente. Abre el juego a través del cliente correspondiente.",
    "systemTray.title": "Riot Games",
    "systemTray.allGames": "Todos los juegos",
    "systemTray.installGame": "Instalar %1",
    "systemTray.restartForUpdates": "Reiniciar para actualizar",
    "systemTray.show": "Mostrar",
    "systemTray.showLogs": "Ver registros",
    "systemTray.settings": "Ajustes",
    "systemTray.swagger": "Swagger",
    "systemTray.signOut": "Cerrar sesión",
    "systemTray.signIn": "Iniciar sesión",
    "systemTray.exit": "Salir",
    "uninstallError.couldNotFindProduct.header": "NO SE HA ENCONTRADO EL PRODUCTO",
    "uninstallError.couldNotFindProduct.body": "No hemos podido desinstalarlo porque no se ha encontrado el producto. Si sigues teniendo este problema, en <link> utilizarán sus poderes para solucionarlo.",
    "uninstallError.couldNotUninstall.header": "NO SE HA PODIDO DESINSTALAR",
    "uninstallError.couldNotUninstall.body": "Ha ocurrido algo inesperado y no hemos podido completar la desinstalación. En <link> utilizarán sus poderes para solucionarlo.",
    "uninstallError.productIsRunning.header": "EL PRODUCTO SE ESTÁ EJECUTANDO",
    "uninstallError.productIsRunning.body": "No hemos podido desinstalarlo porque el producto sigue en ejecución. Cierra el producto y vuelve a intentarlo.",
    "uninstallError.RiotClientIsRunning.header": "EL CLIENTE DE RIOT SE ESTÁ EJECUTANDO",
    "uninstallError.RiotClientIsRunning.body": "No hemos podido desinstalarlo porque el cliente de Riot sigue en ejecución. Cierra el cliente de Riot e inténtalo de nuevo.",
    "uninstall_intro.uninstall": "DESINSTALAR",
    "repairPermissions.error.header": "ERROR AL REPARAR",
    "repairPermissions.error.body": "No se han podido reparar los permisos de carpetas. Es posible que tengas que reparar los permisos con una cuenta de administrador. Si sigues teniendo este problema, en <link> utilizarán sus poderes para solucionarlo.",
    "backgroundRunningModal.title": "El cliente de Riot sigue en ejecución",
    "backgroundRunningModal.description": "El cliente de Riot seguirá ejecutándose en la bandeja del sistema para que puedas iniciar los juegos más rápido. \n\nPuedes cambiar esta opción en cualquier momento desde la página de ajustes.",
    "uninstallError.productStillRemain.header": "No se puede desinstalar el cliente de Riot",
    "uninstallError.productStillRemain.body": "Antes de desinstalar el cliente de Riot, tienes que desinstalar cualquier juego de Riot que tengas instalado."
}
