{
    "title.riotClient": "Client Riot",
    "title.riotClientInstaller": "Installer client Riot",
    "title.riotClientProductInstaller": "Installer %1",
    "progress.installing": "INSTALLAZIONE",
    "progress.uninstalling": "DISINSTALLAZIONE",
    "progress.preparing": "PREPARAZIONE",
    "progress.repairing": "RIPARAZIONE",
    "progress.updating": "AGGIORNAMENTO",
    "progress.cleaning_up": "PULIZIA IN CORSO",
    "progress.copying_files": "Copia dei file in corso...",
    "progress.eta": "%02d:%02d",
    "progress.eta_long": "Più di 1 giorno",
    "progress.hours_abbr": "H",
    "progress.minutes_abbr": "MIN",
    "progress.seconds_abbr": "S",
    "install_intro.advanced_options": "OPZIONI AVANZATE",
    "install_intro.browse_install_folder": "Seleziona cartella di installazione",
    "install_intro.install": "Installa",
    "install_intro.install_path": "PERCORSO DI INSTALLAZIONE",
    "error.clickForLog": "Clicca per vedere il registro.",
    "error.exit": "Esci",
    "error.ok": "OK",
    "error.restart": "Riprova",
    "finished.finish": "Fatto",
    "finished.uninstall.title": "DISINSTALLAZIONE COMPLETATA",
    "finished.uninstall.text": "Il gioco è stato disinstallato correttamente.",
    "selfUpdateError.contactSupportLinkText": "contatta i nostri specialisti del supporto giocatori",
    "selfUpdateError.contactSupportLinkPublicUrl": "https://support.riotgames.com/hc/it/requests/new",
    "selfUpdateError.driveFull.header": "IL DISCO È PIENO",
    "selfUpdateError.driveFull.body": "Non c'è abbastanza spazio sul disco per completare questa azione.",
    "selfUpdateError.repair.header": "RIPARAZIONE NECESSARIA",
    "selfUpdateError.repair.body": "Alcuni file di questa installazione sono danneggiati o mancanti e dobbiamo ripararli. A volte un riavvio può risolvere il problema. Se il problema persiste anche dopo il riavvio, <link> e ti aiuteremo a risolverlo.",
    "selfUpdateError.noInternet.header": "CONNESSIONE A INTERNET NON TROVATA",
    "selfUpdateError.noInternet.body": "Non siamo riusciti a collegarci a Internet per effettuare l'aggiornamento richiesto per avviare i giochi. Verifica le impostazioni di Internet e riprova.",
    "selfUpdateError.couldNotUpdate.header": "IMPOSSIBILE AGGIORNARE",
    "selfUpdateError.couldNotUpdate.body": "Qualcosa è andato storto con l'aggiornamento, anche dopo la riparazione. Vai su <link> per farti aiutare.",
    "selfUpdateError.declinedUAC.header": "INSTALLAZIONE IMPOSSIBILE",
    "selfUpdateError.declinedUAC.body": "Per consentire all'app di effettuare modifiche al dispositivo, clicca sì quando richiesto. Se il problema persiste, controlla le impostazioni di sistema o <link>.",
    "selfUpdateError.updateServerDown.header": "AGGIORNAMENTO SERVER NON DISPONIBILE",
    "selfUpdateError.updateServerDown.body": "Uhm, sembra che al momento i nostri server siano inattivi e non siamo riusciti ad effettuare l'aggiornamento necessario per avviare il gioco. Siamo spiacenti, e stiamo provando a risolvere il problema il prima possibile. Riprova più tardi.",
    "selfUpdateError.unableToAccess.header": "PROCESSO IN ESECUZIONE",
    "selfUpdateError.unableToAccess.body": "Non è stato possibile effettuare l'installazione perché è in esecuzione un altro processo del client di Riot. Chiudi tutti i processi del client di Riot e riprova.",
    "selfUpdateError.genericFailure.header": "IMPOSSIBILE ESEGUIRE L'INSTALLAZIONE",
    "selfUpdateError.genericFailure.body": "Qualcosa è andato storto durante l'installazione. Riprova e, se l'errore persiste, riavvia il computer oppure <link>.",
    "selfUpdateError.spaceAvailable": "SPAZIO DISPONIBILE: %1",
    "shortcut.name": "Client Riot",
    "waitForGamesToExit.title": "GIOCHI IN ESECUZIONE",
    "waitForGamesToExit.body": "Non puoi uscire dal client Riot mentre è in esecuzione un gioco. Chiudi i tuoi giochi e riprova.",
    "waitForGameToExit.title": "%1 IN ESECUZIONE",
    "waitForGameToExit.body": "Non puoi uscire dal client Riot mentre è in esecuzione un gioco. Chiudi %1 e riprova.",
    "waitForGamesToExit.okay": "OK",
    "waitForGamesToExit.exitOnGameClose": "Vuoi uscire alla chiusura di tutti i giochi?",
    "lifecycle.invalidLaunchTitle": "Avvio non valido",
    "lifecycle.invalidLaunch": "Non possiamo avviare il gioco in questo modo. Avvia direttamente il gioco.",
    "lifecycle.directLaunchDisabledTitle": "Impossibile avviare il gioco direttamente",
    "lifecycle.directLaunchDisabled": "Impossibile avviare direttamente il gioco. Riavvia il gioco con il launcher appropriato.",
    "systemTray.title": "Riot Games",
    "systemTray.allGames": "Tutte le partite",
    "systemTray.installGame": "Installa %1",
    "systemTray.restartForUpdates": "Riavvia per gli aggiornamenti",
    "systemTray.show": "Mostra",
    "systemTray.showLogs": "Mostra registri",
    "systemTray.settings": "Impostazioni",
    "systemTray.swagger": "Swagger",
    "systemTray.signOut": "Esci",
    "systemTray.signIn": "Accedi",
    "systemTray.exit": "Esci",
    "uninstallError.couldNotFindProduct.header": "PRODOTTO NON TROVATO",
    "uninstallError.couldNotFindProduct.body": "Non è stato possibile disinstallare il prodotto perché non è stato trovato. Se hai ancora lo stesso problema, contatta <link>. I nostri esperti sapranno aiutarti.",
    "uninstallError.couldNotUninstall.header": "DISINSTALLAZIONE NON RIUSCITA",
    "uninstallError.couldNotUninstall.body": "È successo qualcosa di inatteso e non siamo riusciti a completare la disinstallazione. Contatta <link>. Loro sapranno aiutarti.",
    "uninstallError.productIsRunning.header": "PRODOTTO IN ESECUZIONE",
    "uninstallError.productIsRunning.body": "Non è stato possibile disinstallare il prodotto perché è ancora in esecuzione. Chiudi il prodotto e riprova.",
    "uninstallError.RiotClientIsRunning.header": "IL CLIENT RIOT È IN ESECUZIONE",
    "uninstallError.RiotClientIsRunning.body": "Non è stato possibile disinstallare il prodotto perché il client Riot è ancora in esecuzione. Chiudi il client Riot e riprova.",
    "uninstall_intro.uninstall": "DISINSTALLA",
    "repairPermissions.error.header": "RIPARAZIONE NON RIUSCITA",
    "repairPermissions.error.body": "Non è stato possibile riparare i permessi delle cartelle. Potrebbe essere necessario eseguire il programma con i parametri --repair-permissions utilizzando un account da amministratore. Se hai ancora lo stesso problema, contatta <link>. I nostri esperti sapranno aiutarti.",
    "backgroundRunningModal.title": "Il Client Riot è ancora in esecuzione",
    "backgroundRunningModal.description": "Il Client Riot resterà in esecuzione nella barra delle applicazioni per permetterti di avviare i giochi più rapidamente. \n\nPotrai modificare questa opzione nelle Impostazioni in qualsiasi momento.",
    "uninstallError.productStillRemain.header": "Impossibile disinstallare il client di Riot",
    "uninstallError.productStillRemain.body": "Prima di disinstallare il client di Riot, devi disinstallare i giochi Riot Games presenti sulla tua macchina."
}
