{
    "title.riotClient": "Клиент Riot",
    "title.riotClientInstaller": "Программа установки клиента Riot",
    "title.riotClientProductInstaller": "%1 – программа установки",
    "progress.installing": "УСТАНОВКА",
    "progress.uninstalling": "УДАЛЕНИЕ",
    "progress.preparing": "ПОДГОТОВКА",
    "progress.repairing": "ИСПРАВЛЕНИЕ",
    "progress.updating": "ОБНОВЛЕНИЕ",
    "progress.cleaning_up": "УБОРКА",
    "progress.copying_files": "Копирование файлов...",
    "progress.eta": "%02d:%02d",
    "progress.eta_long": "Более 1 дня",
    "progress.hours_abbr": "Ч.",
    "progress.minutes_abbr": "МИН.",
    "progress.seconds_abbr": "СЕК.",
    "install_intro.advanced_options": "РАСШИРЕННЫЕ НАСТРОЙКИ",
    "install_intro.browse_install_folder": "Выберите путь для установки",
    "install_intro.install": "Установить",
    "install_intro.install_path": "ПУТЬ УСТАНОВКИ",
    "error.clickForLog": "Щелкните, чтобы посмотреть логи.",
    "error.exit": "Выйти",
    "error.ok": "ОК",
    "error.restart": "Повторить",
    "finished.finish": "Готово",
    "finished.uninstall.title": "УДАЛЕНИЕ ЗАВЕРШЕНО",
    "finished.uninstall.text": "Игра успешно удалена.",
    "selfUpdateError.contactSupportLinkText": "свяжитесь с нашими волшебниками из службы поддержки",
    "selfUpdateError.contactSupportLinkPublicUrl": "https://support.riotgames.com/hc/ru/requests/new",
    "selfUpdateError.driveFull.header": "НЕТ МЕСТА НА ДИСКЕ",
    "selfUpdateError.driveFull.body": "Недостаточно свободного места для завершения этого действия.",
    "selfUpdateError.repair.header": "ТРЕБУЕТСЯ ИСПРАВЛЕНИЕ",
    "selfUpdateError.repair.body": "Некоторые файлы в этой установке повреждены или отсутствуют, и это необходимо исправить. Иногда помогает перезапуск. Если после этого проблема останется, <link>, и мы поможем вам ее решить.",
    "selfUpdateError.noInternet.header": "НЕТ СОЕДИНЕНИЯ С ИНТЕРНЕТОМ",
    "selfUpdateError.noInternet.body": "Не удалось подключиться к интернету, чтобы загрузить обновление, необходимое для запуска игр. Проверьте настройки соединения и попробуйте снова.",
    "selfUpdateError.couldNotUpdate.header": "НЕ УДАЛОСЬ ОБНОВИТЬСЯ",
    "selfUpdateError.couldNotUpdate.body": "Во время обновления что-то пошло не так – даже после исправления. Пожалуйста, обратитесь в <link>, где вам помогут найти решение.",
    "selfUpdateError.declinedUAC.header": "НЕВОЗМОЖНО УСТАНОВИТЬ",
    "selfUpdateError.declinedUAC.body": "Чтобы разрешить приложению вносить изменения на вашем устройстве, нажмите ''Да'', когда появится соответствующий вопрос. Если проблема не исчезнет, проверьте системные настройки или <link>.",
    "selfUpdateError.updateServerDown.header": "СЕРВЕР ОБНОВЛЕНИЯ НЕДОСТУПЕН",
    "selfUpdateError.updateServerDown.body": "Похоже, наши серверы сейчас недоступны, и мы не можем загрузить обновление, необходимое для запуска игр. Нам очень жаль, мы постараемся решить эту проблему как можно скорее. Пожалуйста, повторите попытку позже.",
    "selfUpdateError.unableToAccess.header": "ПРОЦЕСС УЖЕ ЗАПУЩЕН",
    "selfUpdateError.unableToAccess.body": "Не удалось завершить установку, так как уже запущен процесс клиента Riot. Пожалуйста, завершите все процессы клиента Riot и попробуйте снова.",
    "selfUpdateError.genericFailure.header": "НЕВОЗМОЖНО УСТАНОВИТЬ",
    "selfUpdateError.genericFailure.body": "Во время установки что-то пошло не так. Пожалуйста, попробуйте снова. Если ошибка повторится, перезапустите компьютер или <link>.",
    "selfUpdateError.spaceAvailable": "СВОБОДНО: %1",
    "shortcut.name": "Клиент Riot",
    "waitForGamesToExit.title": "ИГРЫ ЗАПУЩЕНЫ",
    "waitForGamesToExit.body": "Вы не можете выйти из клиента Riot, пока запущена игра. Закройте все игры и попробуйте снова.",
    "waitForGameToExit.title": "ИГРА %1 ЗАПУЩЕНА",
    "waitForGameToExit.body": "Вы не можете выйти из клиента Riot, пока запущена игра. Закройте %1 и попробуйте снова.",
    "waitForGamesToExit.okay": "OK",
    "waitForGamesToExit.exitOnGameClose": "Выйти, когда все игры будут закрыты?",
    "lifecycle.invalidLaunchTitle": "Ошибка запуска",
    "lifecycle.invalidLaunch": "Игру нельзя запустить этим способом. Пожалуйста, запустите ее напрямую.",
    "lifecycle.directLaunchDisabledTitle": "Игру нельзя запустить напрямую",
    "lifecycle.directLaunchDisabled": "Игру нельзя запустить напрямую. Пожалуйста, войдите в нее посредством подходящей программы запуска.",
    "systemTray.title": "Riot Games",
    "systemTray.allGames": "Все игры",
    "systemTray.installGame": "Установка %1",
    "systemTray.restartForUpdates": "Перезапустите, чтобы обновить",
    "systemTray.show": "Показать",
    "systemTray.showLogs": "Показать логи",
    "systemTray.settings": "Настройки",
    "systemTray.swagger": "Swagger",
    "systemTray.signOut": "Выйти",
    "systemTray.signIn": "Войти",
    "systemTray.exit": "Выход",
    "uninstallError.couldNotFindProduct.header": "НЕ УДАЛОСЬ НАЙТИ ПРОГРАММУ",
    "uninstallError.couldNotFindProduct.body": "Не удалось удалить программу, так как она не найдена. Если проблема не исчезнет, пожалуйста, <link>, и они попробуют ее решить.",
    "uninstallError.couldNotUninstall.header": "УДАЛЕНИЕ НЕ УДАЛОСЬ",
    "uninstallError.couldNotUninstall.body": "Случилось что-то странное, и нам не удалось выполнить удаление. Пожалуйста, <link>, и они попробуют решить вашу проблему.",
    "uninstallError.productIsRunning.header": "ПРОГРАММА ЗАПУЩЕНА",
    "uninstallError.productIsRunning.body": "Не удалось удалить программу, так как она все еще запущена. Закройте ее и попробуйте снова.",
    "uninstallError.RiotClientIsRunning.header": "КЛИЕНТ RIOT ЗАПУЩЕН",
    "uninstallError.RiotClientIsRunning.body": "Не удалось удалить, так как клиент Riot все еще запущен. Закройте его и попробуйте снова.",
    "uninstall_intro.uninstall": "УДАЛИТЬ",
    "repairPermissions.error.header": "ИСПРАВЛЕНИЕ НЕ УДАЛОСЬ",
    "repairPermissions.error.body": "Не удалось восстановить права доступа к папке. Попробуйте запустить программу с параметром --repair-permissions от имени администратора. Если проблема не исчезнет, пожалуйста, <link>, и они попробуют ее решить.",
    "backgroundRunningModal.title": "Клиент Riot все еще работает",
    "backgroundRunningModal.description": "Riot Client продолжит работать на фоне, чтобы вы могли быстрее запускать игры. Соответствующий значок будет отображаться в области уведомлений. \n\nЭто можно изменить в любой момент в настройках.",
    "uninstallError.productStillRemain.header": "Невозможно удалить клиент Riot",
    "uninstallError.productStillRemain.body": "Прежде чем удалять клиент Riot, вы должны удалить все установленные игры Riot."
}
