{
    "title.riotClient": "Riot用戶端",
    "title.riotClientInstaller": "Riot用戶端安裝程式",
    "title.riotClientProductInstaller": "%1 安裝程式",
    "progress.installing": "安裝中",
    "progress.uninstalling": "解除安裝中",
    "progress.preparing": "準備中",
    "progress.repairing": "修復中",
    "progress.updating": "更新中",
    "progress.cleaning_up": "整理中",
    "progress.copying_files": "正在複製檔案……",
    "progress.eta": "%02d:%02d",
    "progress.eta_long": "超過1天",
    "progress.hours_abbr": "小時",
    "progress.minutes_abbr": "分鐘",
    "progress.seconds_abbr": "秒",
    "install_intro.advanced_options": "進階選項",
    "install_intro.browse_install_folder": "選擇安裝位置",
    "install_intro.install": "安裝",
    "install_intro.install_path": "安裝路徑",
    "error.clickForLog": "點擊查看記錄檔。",
    "error.exit": "退出",
    "error.ok": "知道了",
    "error.restart": "重試",
    "finished.finish": "完成",
    "finished.uninstall.title": "成功解除安裝",
    "finished.uninstall.text": "遊戲已成功解除安裝。",
    "selfUpdateError.contactSupportLinkText": "聯繫我們的客服小幫手",
    "selfUpdateError.contactSupportLinkPublicUrl": "https://support.riotgames.com/hc/en-us/requests/new",
    "selfUpdateError.driveFull.header": "硬碟已滿",
    "selfUpdateError.driveFull.body": "因硬碟空間不足，無法完成此操作。",
    "selfUpdateError.repair.header": "需要進行修復",
    "selfUpdateError.repair.body": "此安裝程式的某些檔案已毀損或遺失，必須進行修復。有時候重新啟動可以解決此問題。若重新啟動之後仍遇到此問題，請前往<link>，讓我們提供你解決辦法。",
    "selfUpdateError.noInternet.header": "無法偵測到網路",
    "selfUpdateError.noInternet.body": "我們無法連線至網路來取得啟動遊戲必要的更新。請檢查你的網路設定並再試一次。",
    "selfUpdateError.couldNotUpdate.header": "無法更新",
    "selfUpdateError.couldNotUpdate.body": "修復之後仍在更新時發生了某些錯誤。請前往<link>尋找那些可以解決此問題的高手幫忙。",
    "selfUpdateError.declinedUAC.header": "無法安裝",
    "selfUpdateError.declinedUAC.body": "請遵照提示點擊「是」，允許此應用程式對你的裝置進行變更。若此問題仍未解決，請檢查你的系統設定或 <link>。",
    "selfUpdateError.updateServerDown.header": "更新伺服器關閉",
    "selfUpdateError.updateServerDown.body": "呃，我們的伺服器目前似乎已經關閉，無法取得啟動遊戲所需的更新檔。很抱歉，我們正在盡快嘗試解決此問題，請稍候再試一次。",
    "selfUpdateError.unableToAccess.header": "程式已在執行",
    "selfUpdateError.unableToAccess.body": "我們無法在Riot用戶端執行時順利安裝。請關掉所有與Riot用戶端相關的程式後再試一次。",
    "selfUpdateError.genericFailure.header": "無法安裝",
    "selfUpdateError.genericFailure.body": "在安裝期間出現錯誤。請再試一次，如果錯誤仍未解決，請重新啟動電腦或<link>。",
    "selfUpdateError.spaceAvailable": "可用空間：%1",
    "shortcut.name": "Riot用戶端",
    "waitForGamesToExit.title": "遊戲仍在執行中",
    "waitForGamesToExit.body": "你無法在遊戲執行時退出Riot用戶端。請關閉你的遊戲後再試一次。",
    "waitForGameToExit.title": "%1 仍在執行中",
    "waitForGameToExit.body": "你無法在遊戲執行時退出Riot用戶端。請關閉 %1 後再試一次。",
    "waitForGamesToExit.okay": "OK",
    "waitForGamesToExit.exitOnGameClose": "關閉所有遊戲後退出嗎？",
    "lifecycle.invalidLaunchTitle": "啟動無效",
    "lifecycle.invalidLaunch": "我們無法用此方式啟動遊戲。請直接啟動遊戲。",
    "lifecycle.directLaunchDisabledTitle": "無法直接啟動遊戲",
    "lifecycle.directLaunchDisabled": "我們無法直接啟動遊戲。請透過適當的啟動程式來開啟遊戲。",
    "systemTray.title": "Riot Games",
    "systemTray.allGames": "所有遊戲",
    "systemTray.installGame": "安裝%1",
    "systemTray.restartForUpdates": "請重新啟動以便更新",
    "systemTray.show": "顯示",
    "systemTray.showLogs": "顯示紀錄",
    "systemTray.settings": "設定",
    "systemTray.swagger": "Swagger",
    "systemTray.signOut": "登出",
    "systemTray.signIn": "登入",
    "systemTray.exit": "退出",
    "uninstallError.couldNotFindProduct.header": "無法找到該程式",
    "uninstallError.couldNotFindProduct.body": "由於無法找到程式，我們無法解除安裝。如果你持續遇到此問題，請前往<link>尋找那些可以解決此問題的高手幫忙。",
    "uninstallError.couldNotUninstall.header": "無法解除安裝",
    "uninstallError.couldNotUninstall.body": "發生某些不尋常的錯誤，導致我們無法成功地解除安裝。請前往<link>尋找那些可以解決此問題的高手幫忙。",
    "uninstallError.productIsRunning.header": "程式仍在執行中",
    "uninstallError.productIsRunning.body": "我們無法解除安裝，因為該程式仍在執行中。請關閉程式後再試一次。",
    "uninstallError.RiotClientIsRunning.header": "Riot用戶端執行中",
    "uninstallError.RiotClientIsRunning.body": "我們無法解除安裝，因為Riot用戶端仍在執行中。請關閉Riot用戶端，然後再試一次。",
    "uninstall_intro.uninstall": "解除安裝",
    "repairPermissions.error.header": "修復失敗",
    "repairPermissions.error.body": "我們無法修復資料夾的使用權限。你也許需要使用系統管理員帳號來執行修復權限。如果你持續遇到此問題，請前往<link>尋找那些可以解決此問題的高手幫忙。",
    "backgroundRunningModal.title": "Riot用戶端仍在執行中",
    "backgroundRunningModal.description": "Riot用戶端將繼續在系統匣執行，以便快速啟動遊戲。\n\n此選項可隨時在設定更改。",
    "uninstallError.productStillRemain.header": "無法解除安裝Riot用戶端",
    "uninstallError.productStillRemain.body": "必須先解除安裝在裝置上的所有Riot遊戲，才能解除安裝Riot用戶端。"
}
